source,topic,text
tumblr,lovequotesrus,"Sep. 6, 2018 (via dancejessydance) 47,993 notes"
tumblr,lovequotesrus,"Sep. 6, 2018 michaelfaudet:Dirty Pretty Things by Michael FaudetOrder your copy of the international best seller now at Barnes & Noble or Amazon or Chapters Indigo and The Book Depository for free delivery to Asia. (via ravensandrocks-deactivated20200) 166,608 notes"
tumblr,lovequotesrus,"Sep. 5, 2018 crimsonkismet:Siouxsie Sioux(via shisasan) 1,565 notes"
tumblr,lovequotesrus,"Sep. 5, 2018 (via nightprowler--13) 1,392 notes"
tumblr,lovequotesrus,"Sep. 5, 2018 seriouslydev:Me & Bobby McGee(via seriouslydev-deactivated2020012) 131 notes"
tumblr,lovequotesrus,"Sep. 5, 2018 (via slydolisled) 21,899 notes"
tumblr,lovequotesrus,"Sep. 5, 2018 (Source: d-r-e-a-r-y, via discolor3d) 11,114 notes"
tumblr,lovequotesrus,"Sep. 5, 2018 (via ravensandrocks-deactivated20200) 2,960 notes"
tumblr,lovequotesrus,"Sep. 5, 2018 (via kikisloane) 12,987 notes"
tumblr,lovequotesrus,"Sep. 5, 2018 (via moonless-werewolf) 14,090 notes"
tumblr,lovequotesrus,"Sep. 5, 2018 uma-karina:Born slippy 362 notes"
tumblr,lovequotesrus,"Sep. 5, 2018 She was a curious girl who loved the smell of old books, chasing butterflies and touching herself under the covers. Michael Faudet (via ravensandrocks-deactivated20200) 48,938 notes"
tumblr,lovequotesrus,"Sep. 5, 2018 (Source: f-l-e-c-h-a-s, via pr0meteus) 18,770 notes"
tumblr,lovequotesrus,"Sep. 5, 2018 arielsierrastepp:Drew Barrymore(via arielsierrastepp) 375 notes"
tumblr,lovequotesrus,"Sep. 5, 2018 189,926 notes"
tumblr,lovequotesrus,"Sep. 5, 2018 (Source: n-i-c-o-t-i-n-e, via ravensandrocks-deactivated20200) 14,011 notes"
tumblr,lovequotesrus,"Sep. 5, 2018 (via thisblogisdead2017) 4,812 notes"
tumblr,lovequotesrus,"Sep. 5, 2018 langleav:Check out my instagram here xo Lang(via thegirlwhocrieswolf) 43,457 notes"
tumblr,lovequotesrus,"Sep. 5, 2018 (via the-sojutheory) 6,076 notes"
tumblr,lovequotesrus,"Sep. 5, 2018 roseydoux:Vertigo (1958): San Francisco landmarks(via roseydoux) 5,485 notes"
tumblr,lovequotesrus,"Sep. 5, 2018 mienar:endless sleep(via kittykatscratch) 195,318 notes"
tumblr,lovequotesrus,"Sep. 5, 2018 michaelfaudet:My new book, Smoke & Mirrors, is available now from Barnes & Noble, Strand Bookstore, Chapters Indigo, Kinokuniya, Periplus, MPH, Fully Booked, National Book Store, Waterstones, Dymocks, The Book Depository and Amazon here (via ravensandrocks-deactivated20200) 2,095 notes"
tumblr,lovequotesrus,"Sep. 5, 2018 (via discolor3d) 10,793 notes"
tumblr,lovequotesrus,"Sep. 5, 2018 Do you know what really turns me on? What I find incredibly sexy? Kindness. Michael Faudet (via ravensandrocks-deactivated20200) 72,440 notes"
tumblr,lovequotesrus,"Sep. 5, 2018 billdomonkos:GIF: Bill Domonkos, 2016Image from page 96 of Our domestic animals, their habits, intelligence and usefulness (1907) 1,485 notes"
tumblr,lovequotesrus,"Sep. 4, 2018 (via meeochia) 1,282 notes"
tumblr,lovequotesrus,"Sep. 4, 2018 devatafromnowhere:pH. Marta Bevacqua 363 notes"
tumblr,lovequotesrus,"Sep. 4, 2018 (via idreamofghosts) 3,836 notes"
tumblr,lovequotesrus,"Sep. 4, 2018 (Source: pin.it, via missreverie78) 825 notes"
tumblr,lovequotesrus,"Sep. 4, 2018 (via the-sojutheory) 32,105 notes"
tumblr,lovequotesrus,"Sep. 4, 2018 (via manuelamicucci) 18,755 notes"
tumblr,quotesilove,"quotesiloveRebloggediamyourscarletvisionFollowNo, you move.52,1163,669"
tumblr,quotesilove,"quotesiloveRebloggedavengers-having-funFollowSteve: Especially you Sam, I expect more from you.Bucky: What, you don't expect more from me?Steve: All I'm hoping out of you is a haircut.41,6255,477"
tumblr,quotesilove,"quotesiloveRebloggedturtle-jamsFollowspiderman: *is like 15 years old*Bucky *immediately stopping*: ohh mY GODdd who the hell even brought him here?? what if I huRT HIM!!!Steve *dropping 65 tons on him*: lol whaddup kid I'm a Brooklyn bitch2,4284,239"
tumblr,quotesilove,"quotesiloveRebloggedmcu-incorrect-quotesFollowSteve: We don't download films illegaly. Because we're honest and hardworking people.Bucky: And we don't know how.73,6276,451"
tumblr,quotesilove,quotesiloveRebloggedlivinglowercarbFollowThis sums up my Christmas eating habits.1271618
tumblr,quotesilove,"quotesiloveRebloggeddrinixFollowRomantic fantasy writing prompts for Narnia.#332851,323"
tumblr,quotesilove,quotesiloveRebloggeddailyinspirationquotesFollowdailyinspirationquotes.tumblr.comfollow for daily posts142325
tumblr,quotesilove,quotesiloveRebloggeddailyinspirationquotesFollowdailyinspirationquotes.tumblr.comfollow for daily quotes94172
tumblr,quotesilove,quotesiloveRebloggeddailyinspirationquotesFollowdailyinspirationquotes.tumblr.comfollow for daily posts142325
tumblr,quotesilove,quotesiloveRebloggeddailyinspirationquotesFollowdailyinspirationquotes.tumblr.comfollow for daily quotes94172
tumblr,quotesilove,"quotesiloveReblogged duchessofmodarunway-reportFollowDetails at Francesco Scognamiglio RTW S/S 201721,1861,057"
tumblr,quotesilove,"quotesiloveReblogged teacoffeebooksbooks-of-insanity-blogFollowToday I got lost in a bookstore made up of five separate buildings10818,31122,454"
tumblr,quotesilove,"quotesiloveRebloggeddeeplifequotesFollowAnyone who has grown mentally, physically or spiritually knows that growth is not found in comfort.Unknown (via deeplifequotes) 1221,33818,466"
tumblr,quotesilove,"quotesiloveReblogged duchessofmodarunway-reportFollowDetails at Francesco Scognamiglio RTW S/S 201721,1861,057"
tumblr,quotesilove,"quotesiloveReblogged teacoffeebooksbooks-of-insanity-blogFollowToday I got lost in a bookstore made up of five separate buildings10818,31122,454"
tumblr,quotesilove,"quotesiloveRebloggeddeeplifequotesFollowAnyone who has grown mentally, physically or spiritually knows that growth is not found in comfort.Unknown (via deeplifequotes) 1221,33818,466"
tumblr,quotesilove,"quotesiloveRebloggeddeeplifequotesFollowClear your mind. Your heart is trying to tell you something.(via deeplifequotes) 1614,38813,865"
tumblr,quotesilove,"quotesiloveRebloggeddeeplifequotesFollowYour past is just a lesson, not a life sentence.Unknown (via deeplifequotes) 63,5925,057"
tumblr,quotesilove,"quotesiloveReblogged soatelfordimaginewisekelpFollowRepost this anywheresmolphanbeanI just hit reblog so fast I almost dropped my phone249899,409463,781"
tumblr,quotesilove,"quotesiloveReblogged golddaggerssomepiecesofmyheartandsoul-deacSome people are willing to destroy themselves just to remember. Other people will kill just to forget. No one gets to decide who hurts more, because either way, the hurt is all the same.Lukas W. // To remember or to forget? (via somepiecesofmyheartandsoul) 21,1451,569"
tumblr,quotesilove,"quotesiloveReblogged golddaggerssomepiecesofmyheartandsoul-deacSome people are willing to destroy themselves just to remember. Other people will kill just to forget. No one gets to decide who hurts more, because either way, the hurt is all the same.Lukas W. // To remember or to forget? (via somepiecesofmyheartandsoul) 21,1451,569"
tumblr,quotesilove,quotesiloveRebloggedjessdovis-deactivated20181225Damon & Elena: A homebonus:3962
tumblr,quotesilove,quotesiloveRebloggedjessdovis-deactivated20181225Damon & Elena: A homebonus:3962
reddit,offmychest,We have persistent scammers preying on this community loading...
reddit,offmychest,Stop accusing posts of being AI. loading...
reddit,offmychest,My baby nephew passed away on Thanksgiving. loading...
reddit,offmychest,I got fired for rejecting a promotion loading...
reddit,offmychest,The playlist we didnt kow we needed loading...
reddit,offmychest,My gentle baby boy is gone loading...
reddit,offmychest,My hasbands affair loading...
reddit,offmychest,Young people are being taught by the algorithm and it shows. loading...
reddit,offmychest,My wife really hurt me. loading...
reddit,offmychest,I HATE WAKING UP EARLY loading...
reddit,offmychest,I was abused my whole childhood and didn't realise until last year loading...
reddit,offmychest,I hate that school prepared me for exams but not life loading...
reddit,offmychest,My Aunt May Have Started My Alcohol Abuse loading...
reddit,offmychest,FOOD STAMP BUSY BODIES loading...
reddit,offmychest,"People suck, the world sucks & I suck loading..."
reddit,offmychest,Really sad right now loading...
reddit,offmychest,"My partner had a stroke in 2022 (COVID complication), nearly 4 years later she still has major memory problems loading..."
reddit,offmychest,Pregnant and unsure after a one night stand. loading...
reddit,offmychest,Traumatic experience with a guy loading...
reddit,offmychest,I did everything right and I still have nothing loading...
reddit,offmychest,Some of us walk alone. And it's time to speak to them. loading...
reddit,offmychest,"I cried infront of my therapist today, and now I'm extremely embarrassed. loading..."
reddit,offmychest,Struggling with guilt over things I did as a kid loading...
reddit,offmychest,I think my dad has a thing for me and I'm uncomfortable loading...
reddit,offmychest,I am not good enough to do my job loading...
reddit,offmychest,Heartbroken parenting my teen loading...
reddit,offmychest,I will be a bad mother loading...
reddit,offmychest,"I got my girlfriend a Switch 2, my dad a PS5, and my sister a Steam Deck for Christmas. loading..."
reddit,offmychest,I always feel that I will never be enough for her loading...
reddit,offmychest,I honestly hate being black loading...
reddit,offmychest,Somewhere out there in the universe is a version of me that did everything right loading...
reddit,offmychest,I realised that I don't have friends that I can confide to. loading...
reddit,offmychest,my boyfriend keeps mentioning the guy i slept with before we got together and i dont know what to do loading...
reddit,offmychest,"Quitting teaching art, because of one student putting me off, am I the ass hole. loading..."
reddit,offmychest,It's rough and it doesn't feel like it's getting better. loading...
reddit,offmychest,"My parents are being controlling and illogical about my winter break, and my life in general loading..."
reddit,offmychest,"my distaste of my ""brother"" is causing problems to my relationship with my mom loading..."
reddit,offmychest,I don't think i can do this anymore loading...
reddit,offmychest,I love to road rage loading...
reddit,offmychest,Stuck between a rock and a hard place loading...
reddit,offmychest,i think my dad being overly sexual my whole life ruined me and my relationship w him loading...
reddit,offmychest,"I reported my rape, I genuinely don't want to live anymore loading..."
reddit,offmychest,I need help. loading...
reddit,offmychest,I almost hit a child with my car. loading...
reddit,offmychest,It feels weird how quickly life changes sometimes. loading...
reddit,offmychest,Sad reality loading...
reddit,offmychest,Why would someone send me this? What do they mean by it? loading...
reddit,offmychest,Keeping out pictures of my partner loading...
reddit,offmychest,"Unexplained vision of burning tower block in the Somerset (UK) countryside on a drive home, in a spot where no tower exists loading..."
reddit,offmychest,How do you deal with loving someone who never knew you loved them? loading...
reddit,offmychest,Cleaning triggers trauma loading...
reddit,offmychest,Straight A student grounded for a year... loading...
reddit,offmychest,Boyfriend is in the hospital loading...
reddit,offmychest,grieving over best friend loading...
reddit,offmychest,I could not see my grandpa in the hospital. loading...
reddit,offmychest,I don't even know what I really feel anymore. I hope I never find out. loading...
reddit,offmychest,I'm genuinely attracted to disgusting men loading...
reddit,offmychest,Lost after pursuing all the right things loading...
reddit,offmychest,Lost after pursuing all the right things loading...
reddit,offmychest,"Is it just me, or is online dating way harder when you're a woman? loading..."
reddit,offmychest,Just need to vent it out loading...
reddit,offmychest,I'm really fucking lonely loading...
reddit,offmychest,"I feel overwhelmed and emotionally numb , I'm thinking of hurting myself to pass this feeling loading..."
reddit,offmychest,I just cleaned my ears from years of impacted wax! loading...
reddit,offmychest,"What Is My Relationship With Him? Not Exactly Friends or Lovers - So, Why Is It So Intense? And Why Is Thirdwheeling Him and His GF So Addictive? loading..."
reddit,offmychest,I am not a good person no loading...
reddit,offmychest,im pretty sure i have evidence of my dad cheating loading...
reddit,offmychest,I can't stand white chocolate. loading...
reddit,offmychest,Doomed for eternity loading...
reddit,offmychest,I bullied a girl into an ED relapse because I was jealous of her. loading...
reddit,offmychest,Grieving so much loss within 2 years loading...
reddit,offmychest,Just one small step loading...
reddit,offmychest,I'm officially a loud neighbourhood loading...
reddit,offmychest,I Think I Hate My Dad loading...
reddit,offmychest,I hate everyone and everything loading...
reddit,offmychest,"A question for deeply introverted, lonely & avoidant men: why is replying so hard even when you like someone? loading..."
reddit,offmychest,I'm building hate and resentment for a close friend and I don't know how to go about it. loading...
reddit,lonely,"Weekly Find a Friend thread - November 29, 2025 loading..."
reddit,lonely,"Weekly Find a Friend thread - November 08, 2025 loading..."
reddit,lonely,Hiding in the bathroom to cry loading...
reddit,lonely,"A question for deeply introverted, lonely & avoidant men: why is replying so hard even when you like someone? loading..."
reddit,lonely,It was my birthday today loading...
reddit,lonely,I just want to be loved loading...
reddit,lonely,I can't make friends with normal people anymore because I have to admit to being a loser. loading...
reddit,lonely,I'm tired of people being so negative. loading...
reddit,lonely,loneliness + brainfog + depression + no job + no friends + no future = life of mine loading...
reddit,lonely,I feel lonelier than ever. loading...
reddit,lonely,I don't know what to do anymore loading...
reddit,lonely,I am extremely tired... loading...
reddit,lonely,Some ma jus ghosted me after he saw what I looked like loading...
reddit,lonely,How do you plan/cope for lifelong loneliness? loading...
reddit,lonely,Sad and lonely loading...
reddit,lonely,Does it ever stop? loading...
reddit,lonely,I am feeling crying ... I don't wanna cry alone . loading...
reddit,lonely,"Anyone else feeling depressed, lonely and unmotivated? loading..."
reddit,lonely,Why is living the dream such a nightmare? loading...
reddit,lonely,It's getting unbearable loading...
reddit,lonely,What's the fucking point loading...
reddit,lonely,"I feel overwhelmed and emotionally numb , I'm thinking of hurting myself to pass this feeling loading..."
reddit,lonely,I dont matter. loading...
reddit,lonely,18M feeling aimless But having aim idk why loading...
reddit,lonely,Just tired of it all loading...
reddit,lonely,Anyone wanna talk ? loading...
reddit,lonely,Talking to guys my age is difficult as a guy loading...
reddit,lonely,We reached a point... loading...
reddit,lonely,Girlfriend broke up with me today loading...
reddit,lonely,Lonely but not alone loading...
reddit,lonely,People only tell me they love me because they have a secret plan to hurt me. loading...
reddit,lonely,what would you do? loading...
reddit,lonely,Today felt like a physical punch in the face loading...
reddit,lonely,So .. another same day in my life with endless chores and chores.. loading...
reddit,lonely,i'm going to be drinking and eating myself to the grave loading...
reddit,lonely,am I cursed to be this lonely? loading...
reddit,lonely,just a little sad loading...
reddit,lonely,I just wanna hide myself so no one can find me.. loading...
reddit,lonely,"I feel lonely and a year is over like others, no one is with me and I am not with anyone loading..."
reddit,lonely,Achievemant: I survived my first panic attack loading...
reddit,lonely,its cooked loading...
reddit,lonely,When did you realize that your best friend is not a best friend anymore? loading...
reddit,lonely,My genetics are killing me loading...
reddit,lonely,I feel lonely and lost loading...
reddit,lonely,i missed the weekly Thing loading...
reddit,lonely,Tell me about your life loading...
reddit,lonely,am i just bad at reading social cues? loading...
reddit,lonely,"If you struggle opening up to people, have you ever tried talking to AI? loading..."
reddit,lonely,Anyone here have no close friends or family at all? loading...
reddit,lonely,I have no real friends in my life loading...
reddit,lonely,[m43] looking to chat with f for good conversation loading...
reddit,lonely,I am merely tolerated loading...
reddit,lonely,i fucking hate being born different loading...
reddit,lonely,Why do I feel alone loading...
reddit,lonely,I never learned to love myself and it shows loading...
reddit,lonely,embarrassed in school loading...
reddit,lonely,Is being lonely hinder my potential ? loading...
reddit,lonely,"Wait, where did all my friends go? loading..."
reddit,lonely,Have to let this out loading...
reddit,lonely,I want to get better loading...
reddit,lonely,Its my birthday today and i feel old and alone loading...
reddit,lonely,By myself loading...
reddit,lonely,I'm on the brink of ending it all loading...
reddit,lonely,I'm back again loading...
reddit,lonely,I am the problem loading...
reddit,lonely,Just got told I make my friends uncomfortable. loading...
reddit,lonely,People i thought were my closest friends have forgotten my birthday loading...
reddit,lonely,I thought if i move here i'd feel better loading...
reddit,lonely,"Hello All, How are you all? loading..."
reddit,lonely,56m wanting to chat loading...
reddit,lonely,PSA: Do not post in places like these about how painfully alone you are and then mistreat people who reach out in response. loading...
reddit,lonely,i still feel lonely. i guess im introvert. loading...
reddit,lonely,Giving an ear out loading...
reddit,lonely,34 year old loser loading...
reddit,lonely,I'm loosing my mind loading...
reddit,lonely,Empty and alone loading...
reddit,lonely,What makes you feel 'lonely' these days? loading...
reddit,lonely,I am so sick of traveling & doing everything alone. loading...
reddit,lonely,Feels like I'm not good enough to be anybody's friend loading...
reddit,lonely,I think loneliness is causing me to become depressed. And/or I lie to myself loading...
reddit,lonely,When your feeling lonely what are some things you do to make you feel better? loading...
reddit,lonely,I hate December. loading...
reddit,lonely,Feeling good today so I wanna help some people also feel better loading...
reddit,lonely,So sad. loading...
reddit,depression,"Our most-broken and least-understood rules is ""helpers may not invite private contact as a first resort"", so we've made a new wiki to explain it loading..."
reddit,depression,"Check-In Post, with essential information about our rules and resources. Most people are surprised by some of this info, so please read! loading..."
reddit,depression,Is depression a chronic illness? loading...
reddit,depression,I've lost. My life is over at 31. loading...
reddit,depression,i tried to overdose on zoloft last night loading...
reddit,depression,"just turned 37, still a complete failure and loser. loading..."
reddit,depression,I want to end this loading...
reddit,depression,I just don't care loading...
reddit,depression,"I am really sick of ""go outside for a walk"" being offered as a solution to help depression, it does nothing for me. loading..."
reddit,depression,I'm loosing hope and mainly want to stop stressing myself about it loading...
reddit,depression,Marriage over three days before baby comes. loading...
reddit,depression,Struggling with sleep even after taking sleep meds loading...
reddit,depression,I just don't like being alive loading...
reddit,depression,Feeling like I wasted my Life loading...
reddit,depression,Can't feel understood loading...
reddit,depression,"I have a depressive disorder, but I feel like its life thats putting me here loading..."
reddit,depression,i dont want want a funeral loading...
reddit,depression,Living is hard loading...
reddit,depression,I just started medication! loading...
reddit,depression,Any tips to enjoy solo holidays? loading...
reddit,depression,i am a ghost. loading...
reddit,depression,How do i deal with the fact that i always sit alone loading...
reddit,depression,i dont want to be alive anymore loading...
reddit,depression,I'm lost.. loading...
reddit,depression,"Wish someone else lived my life, even if they have depression loading..."
reddit,depression,What do I do with my depression? loading...
reddit,depression,I stopped taking Effexor and became a different person. loading...
reddit,depression,The two types of depression are totally different loading...
reddit,depression,This one class might be the end of me. loading...
reddit,depression,Top surgery loading...
reddit,depression,life after 8 years of depression loading...
reddit,depression,I give up loading...
reddit,depression,I burn my time without stopping loading...
reddit,depression,I have depression. At least I think so. I'm not diagnosed yet. But I always think about me deserving all of that hate. All of those suicidal thoughts. loading...
reddit,depression,How to choose a Mental health professional loading...
reddit,depression,Self sabotaging loading...
reddit,depression,I wanna die loading...
reddit,depression,So tired loading...
reddit,depression,I hate that I hate myself loading...
reddit,depression,how much can your brain deteriorate? loading...
reddit,depression,Dieing to be rid of Depression loading...
reddit,depression,Depressive episodes loading...
reddit,depression,4 episod od depression Advice urgent loading...
reddit,depression,Advice pleas loading...
reddit,depression,Getting ready to KMS loading...
reddit,depression,Totally burnt out loading...
reddit,depression,Therapy didnt work-what now loading...
reddit,depression,Thinking of giving up loading...
reddit,depression,I wanna lobotomize myself loading...
reddit,depression,no ones favorite m20 loading...
reddit,depression,"I have such low self esteem, I forgave him once, and he betrayed me loading..."
reddit,depression,Losing my silent Battle loading...
reddit,depression,Advice needed loading...
reddit,depression,Psychosis schizophrenia in addition to depression loading...
reddit,depression,I feel so hopeless loading...
reddit,depression,"I have decided, and I am done. loading..."
reddit,depression,I want to die loading...
reddit,depression,Feels Like I Can't Go On loading...
reddit,depression,i just want to be loved like i love loading...
reddit,depression,Why is it so hard to get help loading...
reddit,depression,I see the success of my peers and wonder what did I do wrong loading...
reddit,depression,Sitting in the ECT clinic heartbroken loading...
reddit,depression,"""No one cares"" actually works?! loading..."
reddit,depression,I don't know what I feel loading...
reddit,depression,Am I depressed or just an attention seeker? loading...
reddit,depression,Just need to vent it out loading...
reddit,depression,I dont see the point in anything anymore loading...
reddit,depression,im absolutely heartbroken cuz i heard micheal georges voice (the guy from wham) loading...
reddit,depression,Learning to live with depression. (Rant?) loading...
reddit,depression,I want to change for good :) loading...
reddit,depression,I dont want to fail loading...
reddit,depression,I feel like I'm dead but I can see and hear things. loading...
reddit,depression,Being Ignored? loading...
reddit,depression,dropping a high school class loading...
reddit,depression,missing school loading...
reddit,depression,It just is loading...
reddit,depression,I just want to sleep and never wake up. loading...
reddit,depression,Will these help? loading...
reddit,depression,"Life is too damn hard for those with depression. And ""normal"" people will never understand our struggles. loading..."
reddit,depression,Math makes me highkey depressed for some reason loading...
reddit,depression,Really struggling and in need of some support. loading...
reddit,depression,Idk why my family annoys me? loading...
reddit,depression,Validation I guess. loading...
reddit,depression,So tired of being sleepy all the time every day all day loading...
reddit,anxiety,Monthly Check-In Thread loading...
reddit,anxiety,scariest symptom? loading...
reddit,anxiety,Dizziness sucks loading...
reddit,anxiety,This is my first post. loading...
reddit,anxiety,Dizziness. How do you cope? loading...
reddit,anxiety,i lashed out at a coworker. i don't know what to do loading...
reddit,anxiety,Scared shitless of taking propranolol loading...
reddit,anxiety,Which games do you play? loading...
reddit,anxiety,Anyone's anxiety due to loud neighbours? loading...
reddit,anxiety,stalking habit- dont want the same typical advice loading...
reddit,anxiety,Loss of appetite - how to eat more again (tw) loading...
reddit,anxiety,"What are some good, calming shows/videos to watch? loading..."
reddit,anxiety,words of comfort for anxiety and panic - the brain does not distinguish between reality and fiction in a panic attack loading...
reddit,anxiety,Is it valid to call 911 when panic gets so bad you genuinely can't do anything to calm down? loading...
reddit,anxiety,Anxiety about hangouts loading...
reddit,anxiety,Just Started Zoloft and Scared loading...
reddit,anxiety,Favorite way of travel loading...
reddit,anxiety,Stupid anxiety need help loading...
reddit,anxiety,How to stop worrying about heart rate when i have had all the tests and been told my heart is healthy loading...
reddit,anxiety,Has anyone tried pregab for anxiety?
reddit,anxiety,Does anyone else feel like they don't know themselves? loading...
reddit,anxiety,Anyone else get anxious about seeing a doctor in Germany? loading...
reddit,anxiety,Lorazepam jittery loading...
reddit,anxiety,Really anxious about getting my wisdom teeth removed loading...
reddit,anxiety,Any randomly start to get nausea when stressed when it never happened before with stress?
reddit,anxiety,i feel like something is a bit weird loading...
reddit,anxiety,New here - what a morning loading...
reddit,anxiety,Living with anxiety is torture loading...
reddit,anxiety,"Got prescribed Xanax for a recent flight, can I get it refilled for a much longer flight coming up without an appointment? loading..."
reddit,anxiety,Family keeping things from me due to my anxiety loading...
reddit,anxiety,Has Magnesium Glycinate worked for you? loading...
reddit,anxiety,Success stories with anxiety/ocd induced nausea? loading...
reddit,anxiety,Need help please!! loading...
reddit,anxiety,I cant seem to differentiate between the feelings of anxiety and hunger. loading...
reddit,anxiety,Please help loading...
reddit,anxiety,Incredibly bad luck is only getting worse loading...
reddit,anxiety,Requested an uber ride to the hospital during an anxiety attack. Had to cancel it due to it causing even more anxiety. I hate this loading...
reddit,anxiety,When is it time to medicate for anxiety?
reddit,anxiety,Funny walk anxious gait loading...
reddit,anxiety,Should I get off this combo? loading...
reddit,anxiety,"Constant worrying about everything, how do you get out of your head? loading..."
reddit,anxiety,Social Gathering Anxiety loading...
reddit,anxiety,Anxiety from odd things loading...
reddit,anxiety,"Has anyone faced or is facing similar symptoms? Whether yes or no, how do you go about your anxiety? loading..."
reddit,anxiety,I am so afraid of death loading...
reddit,anxiety,5 am and haven't been to sleep yet loading...
reddit,anxiety,My aunt always asks what I'm doing and worries too much about things. Why? loading...
reddit,anxiety,I hate this part and not sure I survive this time loading...
reddit,anxiety,What exercises have lowered your anxiety? loading...
reddit,anxiety,What is wrong with me ? loading...
reddit,anxiety,"Doctor refused to refer me to a specialist, now what? loading..."
reddit,anxiety,Health Anxiety but mental illness fears loading...
reddit,anxiety,Anyone on benzos ever switched to beta blockers? Looking for insight/experience. loading...
reddit,anxiety,Anyone on benzos ever switched to beta blockers? Looking for insight/experience. loading...
reddit,anxiety,Took medication and had a panick attack. loading...
reddit,anxiety,My weird symptoms loading...
reddit,anxiety,Surgery/Far From Coping Mechanisms/ Trapped Feeling loading...
reddit,anxiety,I miss the person i used to be man loading...
reddit,anxiety,Hyper vigilance... loading...
reddit,anxiety,Is it normal for heart to flutter? Sort of skipping a beat loading...
reddit,anxiety,How did I go from back pain to thinking about pancreatic cancer? Anyone with the same? I don't want to feel this alone. loading...
reddit,anxiety,Every time I check my bank account or credit report my heart races. Anyone else? loading...
reddit,anxiety,Anxiety and compulsive shopping ? loading...
reddit,anxiety,Question About medication loading...
reddit,anxiety,"I thought anxiety was fake until a week ago, I feel like myself, perfectly fine with people or in public but when I get into my room I feel awful loading..."
reddit,anxiety,Generalized Anxiety Disorder loading...
reddit,anxiety,Really struggling and in need of support. loading...
reddit,anxiety,Worried about the possiblity of breakup loading...
reddit,anxiety,Another 0.5 mg of xanax to taper off loading...
reddit,anxiety,Heart skips/ palpitations loading...
reddit,anxiety,"Been un/deremployed for years now, and its all coming to a boil. loading..."
reddit,anxiety,What is your heart rate right now? loading...
reddit,anxiety,anybody else feel like they need to get out the house when waking up with anxiety? loading...
reddit,anxiety,How do I deal with extreme health/death anxiety loading...
reddit,anxiety,Dealing with severe pre-work anxiety in the mornings? loading...
reddit,anxiety,Intrusive thoughts loading...
reddit,anxiety,"I think I've had my first ""serious"" anxiety attack. I don't even know what to call this torment. It started at 8 pm and it's almost 10 pm and that feeling in my chest won't go away. loading..."
reddit,anxiety,First day on lamictal loading...
reddit,anxiety,For those that have both anxiety and cardiac health issues... loading...
reddit,anxiety,Anxiety coming back strong after 10 years on medication loading...
reddit,anxiety,"Tapering down off of SSRIs, major spike in anxiety - advice? loading..."
reddit,anxiety,How to deal with panic attacks triggered by conflict or yelling loading...
reddit,anxiety,Is there a way to beat this ? loading...
reddit,anxiety,Should I quit my robotics engineering degree ? loading...
reddit,confession,Fired for being a whistleblower and now I am considering going public loading...
reddit,confession,The #1 most played Idler game on Steam loading...
reddit,confession,I still tear up when I leave my parents' house after all this time loading...
reddit,confession,Just need to get something off my chest............ loading...
reddit,confession,"I had an accident in my car, and not the kind you'd expect. loading..."
reddit,confession,I no longer think it's cool for a boy or man to be SA'd by a woman. loading...
reddit,confession,I wonder how you guy would handle this situation at work loading...
reddit,confession,Growing up in luxury never saved me from the emptiness that still follows me loading...
reddit,confession,Something big is coming.
reddit,confession,I am an off the books landlord it is the way that things should be loading...
reddit,confession,Im tired. Of it all. Ive fought for so long and I cant hold on much longer. loading...
reddit,confession,kept playing when band director stopped the practice loading...
reddit,confession,I was having a bad day and called the girl at the drive thru a bitch loading...
reddit,confession,So I am a Young guy with a Deep Need of attention from older Woman loading...
reddit,confession,M21. Buscando chicas que vivan en Dallas para un paseo! loading...
reddit,confession,They all passed the board exam and I'm stuck where I am loading...
reddit,confession,I fold the used bath towels and put them back in the linen closet as if they are clean loading...
reddit,confession,Otro dia en la jaula humana (A veces pasa) abcdefghi loading...
reddit,confession,Something funny happened at work I need to talk about! loading...
reddit,confession,I am a straight female but did things with a woman loading...
reddit,confession,Struggling With the Sense of Being Replaceable to Others loading...
reddit,confession,The #1 most played Idler game on Steam loading...
reddit,confession,I dropped my tacos on the floor and still ate them. loading...
reddit,confession,"I left her at the worst time possible, after she miscarried, but I'm still mad hurt and upset. but i also cant live without her. loading..."
reddit,confession,I did some really inappropriate things to a boy in school. loading...
reddit,confession,"This has been weighing me down, and I needed to get this off my chest loading..."
reddit,confession,"Cyber Week Offer: Get unlimited access to Bloomberg business news, market insights and global context, all for just $1.99/first month. loading..."
reddit,confession,I'm a 28 yo closeted man......I have attempted before loading...
reddit,confession,There is something about work I need to talk about! loading...
reddit,confession,My First Semester As A College Freshman Is Falling Apart loading...
reddit,confession,I need to know if this is always going to be the case. loading...
reddit,confession,[ Removed by Reddit ] loading...
reddit,confession,I took a pack of chocolate that was never meant for me.. loading...
reddit,confession,I don't know if I'm tired or just done............. loading...
reddit,confession,I can be pretty manipulative in some situations sometimes loading...
reddit,confession,Gave an elderly foreign person the wrong directions on purpose loading...
reddit,confession,What do they say about what happened to me me me me loading...
reddit,confession,I did use his sister's information for financial gain loading...
reddit,confession,"Sharing My Emotional Pain Again Because My Last Post Was Removed"" loading..."
reddit,confession,The #1 most played Idler game on Steam loading...
reddit,confession,"I was that person who had too many friends, but in reality, I was always the second choice. loading..."
reddit,confession,I still remember this dumbass interaction from elementary school sometimes loading...
reddit,confession,Something big is coming.
reddit,confession,"In terms of myself, I am very far from reality. Nobody knows. loading..."
reddit,confession,friend vented to me and i decided to criticize her about something something irrelevant loading...
reddit,confession,I really need a man at this point and its driving me crazy loading...
reddit,confession,Dallas is banning vaping in public dec.10. I'm still going to. loading...
reddit,confession,Flat/Apartments or hostel options in lahore Pakistan for females loading...
reddit,confession,I am building a massive real time strategy game. Would you play something like this? loading...
reddit,confession,How do I stop myself from doing this tho I didn't masterbathe but I touched myself. loading...
reddit,confession,Texas bans make no sense. We seem to be misguided. loading...
reddit,confession,I(31F) have been on a crack binge for the last five days. loading...
reddit,confession,I bought lube at Walmart even though I was really nervous! loading...
reddit,confession,"Everyone thinks I'm an only child because I told them, I'm not. loading..."
reddit,confession,[ Removed by Reddit ] loading...
reddit,confession,I get turned off from a man when I know he is rich loading...
reddit,confession,"Shabad Guru Explained, WORD is GOD , Understand Gurbani with WORD loading..."
reddit,confession,I (20 m) have not been able to stop myself from drinking loading...
reddit,confession,"I got nervous when trying buying alcohol at restaurant, and this is what happened! loading..."
reddit,confession,"shoplifted but never got caught, currently overthinking it loading..."
reddit,confession,To me as a reminder that he's just not in to you and loading...
reddit,confession,I rehearse small-talk in my head before saying anything out loud. loading...
reddit,confession,Stop posting manually. Start posting smart with GROU. loading...
reddit,confession,I'm not excited for my birthday next month. Just another boring year. loading...
reddit,confession,Would you be ok if your man has been regularly talking loading...
reddit,confession,Always getting compared to my perfect sister affected me loading...
reddit,confession,"Otra historia de, la jaula humana (Curacion a la 1:30Am) loading..."
reddit,confession,My Mom Kicked Me Out of My Own House.............. loading...
reddit,confession,"I once urinated on my Landlords pillow, many times. loading..."
reddit,confession,"I made the perfect 2nd monitor game, it's an MMO that grinds when you're offline! loading..."
reddit,confession,""" No hay peor enemigo del pobre, que el pobre que se cree rico"" loading..."
reddit,confession,I pretend that I don't know what people are talking about so they can explain it loading...
reddit,confession,What lie you have to live with fir the rest of your life loading...
reddit,confession,Tell me the craziest thing that happened in middle school loading...
reddit,confession,Some kids asked me to donate but I refused and used the money to buy McDonalds. loading...
reddit,confession,Growing up too fast and too slow at the same time and not realizing it until now. loading...
reddit,confession,The Hollow Complex - Available to Wishlist NOW! loading...
reddit,confession,"I colored my ""sausage"" head black with a sharpie a year ago. loading..."
reddit,casualconversation,"r/CasualConversation Welcome Thread - Month of December 01, 2025 loading..."
reddit,casualconversation,r/CasualConversation is looking for new moderators! loading...
reddit,casualconversation,Accidentally became the DJ at a house party and now I'm having an identity crisis loading...
reddit,casualconversation,I am building a massive real time strategy game. Would you play something like this? loading...
reddit,casualconversation,Do any countries find American accents attractive? loading...
reddit,casualconversation,Are you old enough to remember when Hallmark Greeting Cards had full sized stores in the mall? loading...
reddit,casualconversation,I had a really nice interaction with a girl on the bus yesterday. loading...
reddit,casualconversation,I accidentally created a new shirt color today loading...
reddit,casualconversation,what's something you recently started enjoying way more than you expected? loading...
reddit,casualconversation,"Cyber Week Offer: Get unlimited access to Bloomberg business news, market insights and global context, all for just $1.99/first month. loading..."
reddit,casualconversation,Do people ever outgrow their families? loading...
reddit,casualconversation,The one time my dog decided to sing along. loading...
reddit,casualconversation,"What's your ""that"" movie which made you realise something about the real world? loading..."
reddit,casualconversation,I (40m) have just realized that I don't own a hammer (or if I do it's lost somewhere in my apartment). loading...
reddit,casualconversation,I moved out and I finally have my own balcony. loading...
reddit,casualconversation,Something big is coming.
reddit,casualconversation,My playlists look like therapy sessions and inside jokes at the same time loading...
reddit,casualconversation,What word did you confidently mispronounce forever? loading...
reddit,casualconversation,Anyone else have weird habits you thought were normal until you became an adult? loading...
reddit,casualconversation,Are new Christmas songs cringe? We need a new one loading...
reddit,casualconversation,Real-time casual conversation loading...
reddit,casualconversation,"Finally, Your Photos Can Speak for Themselves. loading..."
reddit,casualconversation,What are some small daily habits that have significantly improved your life? loading...
reddit,casualconversation,The #1 most played Idler game on Steam loading...
reddit,casualconversation,What has been your best purchase under 20$? loading...
reddit,casualconversation,when do you drink your water? loading...
reddit,casualconversation,Feral cats and psps loading...
reddit,casualconversation,Rain sounds + a warm drink = perfect peace. Anyone else find rainy days strangely calming? loading...
reddit,casualconversation,Experiencing true winter loading...
reddit,casualconversation,I am building a massive real time strategy game. Would you play something like this? loading...
reddit,casualconversation,3rd of December loading...
reddit,casualconversation,What brand laptop or monitor would you recommend for work from home use? loading...
reddit,casualconversation,5 q's for a tuesday night! loading...
reddit,casualconversation,Feeling Chatty loading...
reddit,casualconversation,Did anyone else grow up with radio nights and DD Sundays? loading...
reddit,casualconversation,Longer episodes but a short season? Or shorter episodes with a longer season? loading...
reddit,casualconversation,What was your best decision and worst decision? loading...
reddit,casualconversation,I am a JOY factory! loading...
reddit,casualconversation,In Other News: loading...
reddit,casualconversation,This 70 year old neighbor taught me a lesson on humility. Lucky to get it! loading...
reddit,casualconversation,Did you ever had a complete stranger recognize your experience/knowledge about any topic? loading...
reddit,casualconversation,What in your opinion is the worst bone to break in a body? loading...
reddit,casualconversation,Being an adult can be fun loading...
reddit,casualconversation,How is everyone doing today and what is everyone's opinions of the dire wolf being brought back?? loading...
reddit,casualconversation,The #1 most played Idler game on Steam loading...
reddit,casualconversation,"I was wondering, does anyone here actually remember The Hub? loading..."
reddit,casualconversation,What are the best Redit Communities? (Aside for this one obviously. lol) loading...
reddit,casualconversation,Excited to gain a runner's body. loading...
reddit,casualconversation,"What are the trivial and boring things for many people, but you have a strong desire to try/own/see? loading..."
reddit,casualconversation,You can spend 5 minutes anywhere. Where do you go? loading...
reddit,casualconversation,What's the most vivid dream you've ever had? loading...
reddit,casualconversation,"Which ""old school youtubers"" did you use to watch? loading..."
reddit,casualconversation,I am building a massive real time strategy game. Would you play something like this? loading...
reddit,casualconversation,What's the strangest coincidence that ever happened to you? loading...
reddit,casualconversation,"The best tv show I've ever seen, what's yours? loading..."
reddit,casualconversation,I moved to a new state and am in love with my new home. loading...
reddit,casualconversation,Types of chocolate loading...
reddit,casualconversation,Ugliest electronic or tech products we just go along with loading...
reddit,casualconversation,The work on self esteem loading...
reddit,casualconversation,Wanting right things in life loading...
reddit,casualconversation,"Tailor-Made Japan Trips: Local Experts, Authentic Tours & Seamless Travel loading..."
reddit,casualconversation,How lazy are you ..? loading...
reddit,casualconversation,"Black Friday shopping felt different this year ""discounts"" don't hit the same anymore loading..."
reddit,casualconversation,Have children always behaved like this at school and since I was a girl I didn't notice it or is it worse than before? loading...
reddit,casualconversation,Welcome to 40 loading...
reddit,casualconversation,I never realized how beautiful the piano is loading...
reddit,casualconversation,"Have you experienced waking up hearing someone calling you, but it was your imagination? loading..."
reddit,casualconversation,Why is it so difficult to find and buy anything 100 % cotton? loading...
reddit,casualconversation,Complexities of growing into yourselves loading...
reddit,casualconversation,Reading fast and slow loading...
reddit,casualconversation,The #1 most played Idler game on Steam loading...
reddit,casualconversation,Giving Tuesday loading...
reddit,casualconversation,Does anyone else thing little kids playing soccer is more entertaining than anyone who knows what they're doing? loading...
reddit,casualconversation,How many times have you eaten cotton candy? loading...
reddit,casualconversation,How long of a message not being answered is considered ignoring to you? loading...
reddit,casualconversation,I need more songs to learn on guitar loading...
reddit,casualconversation,what's one thing that made you happy today? loading...
reddit,casualconversation,If single or empty nesters do you still decorate for the holidays? loading...
reddit,casualconversation,Are you wary of strangers in public? loading...
reddit,casualconversation,Why am I suddenly so clumsy at 23?? loading...
reddit,casualconversation,I am building a massive real time strategy game. Would you play something like this? loading...
reddit,casualconversation,Browser Games? loading...
reddit,casualconversation,suggestion for a migraine loading...
reddit,casualconversation,Repurposing Magnetic Calendars loading...
reddit,casualconversation,Any fellow pizza lovers here? loading...
reddit,casualconversation,Would you wear these on a winter hike? loading...
reddit,casualconversation,Is locking my own room door disrespectful? loading...
reddit,casualconversation,I feel so dumb rn LOL loading...
reddit,casualconversation,are you able to smell when you are sick? loading...
reddit,casualconversation,Picked up any fun hobbies lately? I need new ideas! loading...
reddit,casualconversation,"What's a small, everyday habit that has positively impacted your life? loading..."
reddit,casualconversation,What is a crazy coincidence that happened in your life? loading...
reddit,casualconversation,"Solo trip to Krakow, bit nervous [: loading..."
reddit,casualconversation,Should I document my 72-hour fast as my first content series? loading...
reddit,college,"Do not post questions about college admissions, college decisions, or specific universities here. loading..."
reddit,college,I regret going to college. loading...
reddit,college,The #1 most played Idler game on Steam loading...
reddit,college,How pathetic of a human do you have to be to never do your own dishes loading...
reddit,college,Do you think that your college grades are subject to grade inflation? loading...
reddit,college,Hoarding notes: What to keep and discard? loading...
reddit,college,"What was the first course where you really thought ""wow I am learning something completely new I never knew existed before""? loading..."
reddit,college,How hard is the math level in college? loading...
reddit,college,Will taking a language class end up on my transcripts? loading...
reddit,college,Should I stay home for community college? loading...
reddit,college,scan tron answers? loading...
reddit,college,Unpaid Internship- should i keep going? loading...
reddit,college,Writing confidence starts here - Analyze and improve your content's authenticity. loading...
reddit,college,Dating advice loading...
reddit,college,How should we leave the apartment before Winter break loading...
reddit,college,Wanting to start over but not sure where to begin loading...
reddit,college,Apartments vs dorms loading...
reddit,college,iPad vs. Laptop loading...
reddit,college,What are some pros and cons of gender inclusive housing? loading...
reddit,college,Need help finding the perfect specialization! loading...
reddit,college,Letters of Recommendation loading...
reddit,college,"If you have other credits and associated certifications, can you basically just ""get an associate's"" after the fact (Paramedic certificate/Associate's program)? loading..."
reddit,college,Is it worthwhile to get an Advanced Diploma to pair up with an Associate Degree? loading...
reddit,college,Professor hasn't graded anything all semester loading...
reddit,college,transitioning from working full-time to prioritizing college loading...
reddit,college,Is an hour drive too much? Or should I dorm? loading...
reddit,college,The #1 most played Idler game on Steam loading...
reddit,college,Ticked all the boxes in life except college. loading...
reddit,college,How do I email professor without sounding disrespectful? loading...
reddit,college,"Those paying for your own college, do you regret NOT getting a job in high school? loading..."
reddit,college,Does anyone actually use pen & paper anymore? loading...
reddit,college,How do I meet new people at college? loading...
reddit,college,Laundry etiquette loading...
reddit,college,"If I report someone harassing me in college, will it affect my record? loading..."
reddit,college,Favorite things for dorm/college loading...
reddit,college,"Paused my research contract for a semester, but now I have lost interest. What should I do? loading..."
reddit,college,Should I skip walking at graduation? loading...
reddit,college,I am building a massive real time strategy game. Would you play something like this? loading...
reddit,college,Moved someone's laundry at Dorms and they got mad at me loading...
reddit,college,How to handle leaving friends after graduation? loading...
reddit,college,Notifying Professors of Absences loading...
reddit,college,Any advice for creating boundaries with parents? loading...
reddit,college,Why the fuck is everyone so sour all the time? loading...
reddit,college,Is a 1 hour commute to college too long? loading...
reddit,college,Bad Roommates loading...
reddit,college,How do you contribute to conversations about grades when you did well loading...
reddit,college,How to qualify for college scholarships loading...
reddit,college,My roommates have a problem with me coming to the dorm late loading...
reddit,college,Planning on taking a long break from college after getting my associates. loading...
reddit,college,Going Back At 30...? loading...
reddit,college,The #1 most played Idler game on Steam loading...
reddit,college,Walking for a certificate of completion loading...
reddit,college,I think a TA is marking my assignments harshly loading...
reddit,college,Should I stop participating in class? loading...
reddit,college,Reading faster while retaining comprehension loading...
reddit,college,I ruined my college life. loading...
reddit,college,Roommate lounges in the nude loading...
reddit,college,What do you do to fulfill your time after college? loading...
reddit,college,"Cyber Week Offer: Get unlimited access to Bloomberg business news, market insights and global context, all for just $1.99/first month. loading..."
reddit,college,Any affordable college student transportation solutions for massive campuses? loading...
reddit,college,"Returning students, what was the hardest part of adjusting to being a student again? loading..."
reddit,college,How would it look if I took a break from college loading...
reddit,college,Roommate while being chronically ill? loading...
reddit,college,Geting good grades in program but remembering nothing loading...
reddit,college,Clueless parent but I have questions loading...
reddit,college,Roommate Nerves and questions loading...
reddit,college,Nobody pays attention anymore loading...
reddit,college,Group Members not Responsive loading...
reddit,college,"2nd semester of freshman college coming soon, how do I make more friends? loading..."
reddit,college,Did you keep your high school friendships? loading...
reddit,college,How can I be a better professor? loading...
reddit,college,Is it wrong to want a new roommate? loading...
reddit,college,Something big is coming.
reddit,college,Is 4 gen ed classes in 1 day to much? loading...
reddit,college,Going to a Christian college as an nonbeliever loading...
reddit,college,Changing what I want to do in life? loading...
reddit,college,The #1 most played Idler game on Steam loading...
reddit,college,Is going back to college later on possible? loading...
reddit,college,Is it ok to attend an HBCU?? loading...
reddit,college,Should I stack all my classes in 2 days? loading...
reddit,college,Do not fall for honor society scams loading...
reddit,college,"For an online asynchronous course, what would you prefer: video lecture or audio only lecture? loading..."
reddit,college,Are University courses in the US standardized across the country? loading...
reddit,college,Should I go to grad school right after graduation or start working first? loading...
reddit,college,"Cyber Week Offer: Get unlimited access to Bloomberg business news, market insights and global context, all for just $1.99/first month. loading..."
reddit,college,Thinking of taking the upcoming spring semester off loading...
reddit,college,Homesick Months In loading...
reddit,college,Navigating Getting My Masters With Finding A Job to Help Offset Living Costs loading...
reddit,college,"Is it always worth to ask for leniency, or should I just own it and move on? loading..."
reddit,college,Gifts for Professors loading...
reddit,college,I have a month until graduation loading...
reddit,college,Professor keeps calling my personal phone and dismissed my boundaries when I asked for email/text communication instead loading...
reddit,college,Tuition assistance and government shutdown loading...
reddit,college,Friend needs help - prof says they have concern with their use of sources loading...
reddit,college,Scholarship search advice loading...
reddit,college,Roommates making a mess in common spaces and not cleaning up loading...
reddit,college,Navigating residence as a trans person loading...
reddit,college,Something big is coming.
reddit,college,Should i quit my college? loading...
reddit,college,Does anyone else feel like their professors are on a war path after mid terms? loading...
reddit,college,Not Feeling College Anymore loading...
reddit,Adulting,My emergency fund is just my credit card loading...
reddit,Adulting,"I made the perfect 2nd monitor game, it's an MMO that grinds when you're offline! loading..."
reddit,Adulting,Mom said behave like functioning adults for 48 hours loading...
reddit,Adulting,"Even then, it leaves me burned out. loading..."
reddit,Adulting,"Tone issues? TextWisely adjusts it in seconds, macOS native. Check it out loading..."
reddit,Adulting,literally burns me out loading...
reddit,Adulting,this hits so hard loading...
reddit,Adulting,Just gotta love December loading...
reddit,Adulting,Why are 99% of the post here depressing is it really no one having a good time as an adult? loading...
reddit,Adulting,The real situation loading...
reddit,Adulting,The hardest part of adulting for me has been learning to parent the kid I used to be loading...
reddit,Adulting,Same Routine Everyday is Sickening :( loading...
reddit,Adulting,"Tailor-Made Japan Trips: Local Experts, Authentic Tours & Seamless Travel loading..."
reddit,Adulting,Its too much fr loading...
reddit,Adulting,Phone rings... loading...
reddit,Adulting,"Deep cleaning = turning one mess into a bigger, shinier mess. loading..."
reddit,Adulting,Do you agree? loading...
reddit,Adulting,This is sooo true loading...
reddit,Adulting,I hate that I got as far as I did only to now realize my disabilities are disabling loading...
reddit,Adulting,"The Serpent and the Crow Free Demo Is Available Now! Unlock unique gear, skills, and classes! loading..."
reddit,Adulting,7:68 is a state of mind loading...
reddit,Adulting,It's my birthday and I'm so lonely. loading...
reddit,Adulting,The #1 most played Idler game on Steam loading...
reddit,Adulting,Don't make excuses for toxic behavior (a rant) loading...
reddit,Adulting,Why am I interested in tools??? loading...
reddit,Adulting,What were the last words you said to your ex? loading...
reddit,Adulting,Win against these things first!! loading...
reddit,Adulting,Has anyone else reached that weird stage where you are tired even when nothing stressful is happening?
reddit,Adulting,Totally agree loading...
reddit,Adulting,I am building a massive real time strategy game. Would you play something like this? loading...
reddit,Adulting,What even is a responsible adult? loading...
reddit,Adulting,"I realized that even though I grow older, my inner self never does loading..."
reddit,Adulting,Someone with a declining lifestyle seeking help loading...
reddit,Adulting,being an adult SUCKS loading...
reddit,Adulting,Finding out sleep is the best feature of life loading...
reddit,Adulting,This is damn true! loading...
reddit,Adulting,Starting fresh is always an option. loading...
reddit,Adulting,Stop posting manually. Start posting smart with GROU. loading...
reddit,Adulting,Stop chasing what you lack outside; dig into yourself and let the good surface. loading...
reddit,Adulting,Turning 18 tomorrow any advice? loading...
reddit,Adulting,Dont forget to set your alarm for your underpaid job loading...
reddit,Adulting,"I feel like a kid because I'm still not independent, and I hate it loading..."
reddit,Adulting,The #1 most played Idler game on Steam loading...
reddit,Adulting,why i feel so heavy about that ............ loading...
reddit,Adulting,How to get off jury duty loading...
reddit,Adulting,Planning for a wedding ang sakit sa ulo. loading...
reddit,Adulting,A winner is a loser who tried one more time loading...
reddit,Adulting,Im grown now ill kick my stepdad ass lol loading...
reddit,Adulting,I am building a massive real time strategy game. Would you play something like this? loading...
reddit,Adulting,"MONEY OR PEOPLE, which one do I have to put first? loading..."
reddit,Adulting,"Good morning: Wednesday, December 3rd loading..."
reddit,Adulting,How do figure out what you want to do with your life? loading...
reddit,Adulting,How can I become a better worker at my seasonal hospitality job? loading...
reddit,Adulting,Something big is coming.
reddit,Adulting,Life advice for stuck 34 year old man loading...
reddit,Adulting,How good is this guy? loading...
reddit,Adulting,How to actually practice radical acceptance? loading...
reddit,Adulting,"40M For the Soft, Motivating Woman Who Loves Being Appreciated loading..."
reddit,Adulting,"Cyber Week Offer: Get unlimited access to Bloomberg business news, market insights and global context, all for just $1.99/first month. loading..."
reddit,Adulting,"Do you speak with your mom or dad? If not, why? loading..."
reddit,Adulting,"Idk what proffession to choose, pls give advice:( loading..."
reddit,Adulting,"40F, I feel like I've peaked to life tobearly and there's nothing left to achieve loading..."
reddit,Adulting,No future loading...
reddit,Adulting,The #1 most played Idler game on Steam loading...
reddit,Adulting,"Those who go out the night before work, how do you do it? loading..."
reddit,Adulting,Pivoting at 31. loading...
reddit,Adulting,"That big family in this economy, could never work loading..."
reddit,Adulting,"Did you or your partner ever fall out of love, but stayed together and are still together? loading..."
reddit,Adulting,The poop hit the planet loading...
reddit,Adulting,I am building a massive real time strategy game. Would you play something like this? loading...
reddit,Adulting,Dk whether i should be mad or grateful in this economy loading...
reddit,Adulting,Low maintenance friendship loading...
reddit,Adulting,The peace and quiet loading...
reddit,Adulting,I need better advice from all parents! loading...
reddit,Adulting,Is there a scientific reason behind getting a morning borner loading...
reddit,Adulting,23M anyone wants to chat loading...
reddit,Adulting,How have engineers transitioned into different career paths after their degree? loading...
reddit,Adulting,Something big is coming.
reddit,Adulting,"The hardest part of ""adulting"" for me has been unlearning my dad's reaction to stress loading..."
reddit,Adulting,Tired of how expensive life is. loading...
reddit,Adulting,Nothing new was learned. loading...
reddit,Adulting,How do you all fully deal with work anxiety? loading...
reddit,Adulting,ADHD Life loading...
reddit,selfimprovement,I am building a massive real time strategy game. Would you play something like this? loading...
reddit,selfimprovement,I hate my life.. loading...
reddit,selfimprovement,What if the life you want is on the other side of one uncomfortable habit you keep avoiding? loading...
reddit,selfimprovement,"If joy fades as we grow older, it means we got life wrong loading..."
reddit,selfimprovement,i want to be good at everything. loading...
reddit,selfimprovement,What's the most powerful habit you've formed? loading...
reddit,selfimprovement,"Dating is futile right now, but feeling very alone loading..."
reddit,selfimprovement,Trying to glow up after a breakup loading...
reddit,selfimprovement,"How I ""defeated"" porn addiction loading..."
reddit,selfimprovement,I stopped hating myself for not being 'perfect' anymore... and everything changed. loading...
reddit,selfimprovement,How can I follow an unstable career path with peace of mind? loading...
reddit,selfimprovement,Is there someone who overcame self comparing? It literally ruins my life loading...
reddit,selfimprovement,How to stop making myself the center of attention in conversation? loading...
reddit,selfimprovement,"Struggling with distractions and procrastination, how do you guys stay focused? loading..."
reddit,selfimprovement,What are things that helped u save money? loading...
reddit,selfimprovement,Nothing bad is happening but why am I like this? loading...
reddit,selfimprovement,I admire people who are truly themselves. loading...
reddit,selfimprovement,"What does it mean to ""Be yourself"" loading..."
reddit,selfimprovement,Have you ever felt bad thinking you should had already been 'good' from the beginning instead of having to 'self improve' loading...
reddit,selfimprovement,What gives you a purpose? loading...
reddit,selfimprovement,Are there any platforms that often conduct webinars or online workshops loading...
reddit,selfimprovement,"Sustainable AI adoption that leads to faster, smarter decisions across the enterprise. Your Journey Starts Here. loading..."
reddit,selfimprovement,Stop chasing what you lack outside; dig into yourself and let the good surface. loading...
reddit,selfimprovement,I don't know what to do with my life because I'm not great at anything useful. loading...
reddit,selfimprovement,you fail because you fail answering this question: loading...
reddit,selfimprovement,I am building a massive real time strategy game. Would you play something like this? loading...
reddit,selfimprovement,how do i socialize with others? loading...
reddit,selfimprovement,Life is sooo boring loading...
reddit,selfimprovement,How do I stop looking down on my friends and feeling like I am superior to them? (Long post sorry) loading...
reddit,selfimprovement,Please help me unpack/understand my thoughts loading...
reddit,selfimprovement,Running in the Winter? loading...
reddit,selfimprovement,The #1 most played Idler game on Steam loading...
reddit,selfimprovement,I worry I'm so messed up loading...
reddit,selfimprovement,Self preservation loading...
reddit,selfimprovement,I refuse to prove my value to anyone loading...
reddit,selfimprovement,How to accept that my life is a complete disappointment? loading...
reddit,selfimprovement,Why do people drink? loading...
reddit,selfimprovement,Tired of my job and want to quit but can't find anything better loading...
reddit,selfimprovement,Stop posting manually. Start posting smart with GROU. loading...
reddit,selfimprovement,"How to actually change, and break patterns of constant stress and worry? loading..."
reddit,selfimprovement,How do you rebuild productivity after years of burnout and life turmoil? loading...
reddit,selfimprovement,How to stop being an unlikeable idiot in school. loading...
reddit,selfimprovement,why am i randomly really irritable for no reason? loading...
reddit,selfimprovement,Do I not want to change or is it hard for me to change? loading...
reddit,selfimprovement,Going out alone I feel better loading...
reddit,selfimprovement,Horrible fixed mindset loading...
reddit,selfimprovement,Where do I go from here? loading...
reddit,selfimprovement,I read 28 books in 12 months after years of inconsistency. Here is what actually worked. loading...
reddit,selfimprovement,I am building a massive real time strategy game. Would you play something like this? loading...
reddit,selfimprovement,How do you stay focused when you keep drifting off task? loading...
reddit,selfimprovement,How to get rid of anxiety for studying loading...
reddit,selfimprovement,Make boredom and pain your friends loading...
reddit,selfimprovement,I want to change my life and I don't know how loading...
reddit,selfimprovement,How can I compensate for wasting my life? loading...
reddit,selfimprovement,Making peace with my loneliness and a very strange addiction loading...
reddit,selfimprovement,Sleeping earlier loading...
reddit,selfimprovement,The #1 most played Idler game on Steam loading...
reddit,selfimprovement,How to stop freezing while speaking English in interviews or in front of people loading...
reddit,selfimprovement,How do you stop overthinking every tiny decision at the grocery store? loading...
reddit,selfimprovement,Actually ate the food I prepped loading...
reddit,selfimprovement,How do you force youself to genuinely not care? loading...
reddit,selfimprovement,how to move past your mistakes/trauma and be better? loading...
reddit,selfimprovement,Something's Missing loading...
reddit,selfimprovement,Stop posting manually. Start posting smart with GROU. loading...
reddit,selfimprovement,How to get a girlfriend in 2025? loading...
reddit,selfimprovement,Considering eating meat again after 14 years pescatarian loading...
reddit,selfimprovement,Can I lean out without being in a caloric deficit? loading...
reddit,selfimprovement,Why am I so ambitious but so lazy? loading...
reddit,selfimprovement,I work with my hands and I feel like I lack general knowledge and don't know where to start loading...
reddit,selfimprovement,How do I start learning to love myself? loading...
reddit,selfimprovement,24M | IST | AI/Programming Study Partner + Healthy Habits Accountability (Long-Term) loading...
reddit,selfimprovement,Can I grow 3 cm at 22? loading...
reddit,selfimprovement,Potential burnout loading...
reddit,selfimprovement,I recently tried the Liven app. Here's what I learned and how it's helped me loading...
reddit,selfimprovement,Struggling with lust. loading...
reddit,selfimprovement,"Every borrowed dream runs down the clock, spend your time on the life only you can live. loading..."
reddit,selfimprovement,I am building a massive real time strategy game. Would you play something like this? loading...
reddit,selfimprovement,How should I improve my self ? loading...
reddit,selfimprovement,How to wake up early? I keep putting it off loading...
reddit,selfimprovement,how to cope with jealousy toward someone getting everything handed to them? loading...
reddit,selfimprovement,What services do you guys use to improve your life? loading...
reddit,selfimprovement,How do I improve myself? loading...
reddit,selfimprovement,"23M - Always in ""serious mode"" by default. How can I be more fun and spontaneous in social situations? loading..."
reddit,selfimprovement,"How does one thrive with no friends, no partners and no family? loading..."
reddit,selfimprovement,My life is passing me by. I'm a loser and i can't take it anymore loading...
reddit,selfimprovement,"You need ambition, not rules loading..."
reddit,selfimprovement,"Actuarial tech that's actually useful? Yep. Sign Up for practical insights, not buzzwords loading..."
reddit,selfimprovement,Ways to relax that dont include being on my phone loading...
reddit,selfimprovement,"AI tarot told me I was 'bored, not blocked' - and it accidentally fixed my creative burnout loading..."
reddit,selfimprovement,"Hi, let's improve together loading..."
reddit,selfimprovement,How do you know if you should change or accept yourself? loading...
reddit,selfimprovement,"I feel like I'm bad at everything I do, but literally everyone else tells me otherwise loading..."
reddit,selfimprovement,"How Fast Typing Affects Learning: briefly, but to the point loading..."
reddit,selfimprovement,The #1 most played Idler game on Steam loading...
reddit,selfimprovement,Sometimes I stop and ask myself a question most people never dare to ask loading...
reddit,selfimprovement,"I don't have any motivation for school, advice? loading..."
reddit,selfimprovement,"I am 32 years old. I feel somewhat content with my financial situation, but I am not very satisfied with my social life, nor have I ever really been. How do I fix this? Small steps? loading..."
reddit,selfimprovement,Struggling to stay consistent with personal routines loading...
reddit,selfimprovement,Built accountability tool to stop over-planning and start doing - need testers loading...
reddit,relationships,My BF exploded over my computer settings loading...
reddit,relationships,Wife of 17 years threatens divorce in almost every fight loading...
reddit,relationships,Upset over this loading...
reddit,relationships,"My (33F) boyfriend (31M) went from playful to suddenly snapping at me, then ignored me all day. Am I overreacting? loading..."
reddit,relationships,How do I tell my new partner 25M the truth about why my twelve year friendship with my former best friend 30F ended loading...
reddit,relationships,The #1 most played Idler game on Steam loading...
reddit,relationships,Husband doesnt have a job and seems depressed loading...
reddit,relationships,Feels like I'm always pushed back 20M and 20F loading...
reddit,relationships,"my (f21) roommates (f21,f22) were talking about me behind my back. loading..."
reddit,relationships,Am I being insecure for not having many friends compared to my partner? loading...
reddit,relationships,repost: should we keep trying? loading...
reddit,relationships,Should I eventually reach out to my girlfriend taking space? loading...
reddit,relationships,I (26f) feel like a prisoner with my bf (30m) even though he doesn't do anything wrong loading...
reddit,relationships,Is this relationship worth saving? loading...
reddit,relationships,Why do unhappy people stay ? loading...
reddit,relationships,i (22f) feel disgusted by the idea of love loading...
reddit,relationships,How do I defriend a close friend politely? loading...
reddit,relationships,boyfriend (19M) threatens to breakup during most arguments with me (18f) loading...
reddit,relationships,I (20F) feel uncomfortable around my dad (65M) all the time loading...
reddit,relationships,Stop posting manually. Start posting smart with GROU. loading...
reddit,relationships,"What Is My (28M) Relationship With Him (28M) ? Not Exactly Friends or Lovers, So Why Does It Feels So Intense? And Why Is Thirdwheeling Him and His Girlfriend So Addictive? loading..."
reddit,relationships,(40m) unsure of how to continue with my (41f) spouse of almost 20 years loading...
reddit,relationships,Me (31M) and my wife (34F) work better apart. How do we sustain our relationship while bringing the best versions of ourselves to our individual responsibilities? loading...
reddit,relationships,"Get Ready for Sakura Season. No Need to Figure out the Trip on Your Own, Let Trip to Japan Craft an Ultimate Experience. loading..."
reddit,relationships,I (19f) am getting more stressed by my bf (19m) who isn't the same loading...
reddit,relationships,How do I move forward with this relationship? loading...
reddit,relationships,"Hey guys, any bi-couples (32M & 32F) here who have ever tried pegging? loading..."
reddit,relationships,My boyfriend annoys me for no reason loading...
reddit,relationships,My(27F) boyfriends(33M) drinking problem ruins relationship loading...
reddit,relationships,my gf (F22) says we should be friends for now and work on ourselves. (3months in LDR) loading...
reddit,relationships,Is my relationship doomed if his family is horrible? loading...
reddit,relationships,Should i(17f) be concerned for my sis? loading...
reddit,relationships,Should I (f30) tell my bf(m34) that I am falling out of love with him? loading...
reddit,relationships,One year together and never been presented to his family loading...
reddit,relationships,My teenage relationship story loading...
reddit,relationships,I feel empty and like I don't want a relationship anymore... loading...
reddit,relationships,I [16M] am struggling with my boyfriend [17M] because of our different disability experiences. loading...
reddit,relationships,FWB & Questionable Behaviors loading...
reddit,relationships,"Sit, breathe, and let comfort unfold naturally. loading..."
reddit,relationships,Should we break up? loading...
reddit,relationships,I (22M) am extremely afraid about having met my soulmate (21F) at the worst time possible for us loading...
reddit,relationships,M24 idk if my friends are really friends loading...
reddit,relationships,Am 18f giving myself anxiety about my relationship and my 20m? loading...
reddit,relationships,"My uncle 60M tried to have me 33NB disowned, but he doesn't remember doing it. How do I handle this? loading..."
reddit,relationships,Splitting Holidays loading...
reddit,relationships,Choose wisely or lose fast. Idle Guy is a free PC game you can play now! loading...
reddit,relationships,"24F leaving for a new job in another city, 32M boyfriend says our relationship is over if I move. How do I handle this? loading..."
reddit,relationships,The #1 most played Idler game on Steam loading...
reddit,relationships,What should I (19M) do about about my friends girlfriend blocking my girlfriend (2OF) on everything? loading...
reddit,relationships,i (20m) shut out my best friend (21m) and i dunno how to solve it. loading...
reddit,relationships,Im thinking of ending my friendship with my (30F) BFF (30F)? loading...
reddit,relationships,"Genuine question for women age 20-28, would you date this guy? loading..."
reddit,relationships,I am building a massive real time strategy game. Would you play something like this? loading...
reddit,relationships,How Can Improve my Communication as a Partner loading...
reddit,relationships,My girlfriend says we lost our spark. Is there any coming back from this? loading...
reddit,relationships,I'm feeling so fucking bad thinking about ending my relationship... loading...
reddit,relationships,"My, 22F, boyfriend, 22M, is depressed and I don't know how to help him. I'm worried my relationship is falling apart. loading..."
reddit,relationships,Something big is coming.
reddit,relationships,I F21 think Im falling out of love my boyfriend M22 and am falling for my friend M22 loading...
reddit,relationships,I (32M) can't stop thinking about a very small thing my GF(28F) did loading...
reddit,relationships,11 months in this relationship loading...
reddit,relationships,hosting in laws with limited space? loading...
reddit,relationships,Need help with friends loading...
reddit,relationships,Feeling emotionally distant from my boyfriend on our trip 28M 26F 4year relationship loading...
reddit,relationships,CPO and children involved loading...
reddit,relationships,(F18) boyfriends ex keeps trying to follow me? loading...
reddit,relationships,(24M) my girlfriend (28F) lied about her past. Can i be upset about this? (Together 2 years) loading...
reddit,relationships,"My girlfriend gets upset every time I go to see my daughter [34m, 32f] loading..."
reddit,relationships,Long term friendship ended? loading...
reddit,relationships,My girlfriend 20F recently is bringing my 20M mood down a lot more than she usually does loading...
reddit,relationships,I [29F] am not sure if my bf [29M] are compatible in the long run or am I envisioning a potential loading...
reddit,relationships,I'm lost y'all loading...
reddit,relationships,The #1 most played Idler game on Steam loading...
reddit,relationships,I [47M] want to stay in my home. My girlfriend [46F] wants to buy a new place together. We welcome advice. loading...
reddit,relationships,I 19f is tired of babysitting my ex bullied friend 19f loading...
reddit,relationships,I (24F) love him (42M) so much but am so unhappy loading...
reddit,relationships,Is financial instability enough to end things? loading...
reddit,relationships,My (31F) BF (29M) told me that he was more attracted to his previous partners than to me loading...
reddit,relationships,Advice on Ending It loading...
reddit,relationships,"TL:DR- I have been stuck in an endless cycle of an relationship, and I need some advice. loading..."
reddit,relationships,How do I (25F) handle my boyfriend (21M) and I's different beliefs regarding marriage and intimacy? loading...
reddit,relationships,I need some advice- how can I confront my bf loading...
reddit,relationships,I am building a massive real time strategy game. Would you play something like this? loading...
reddit,relationships,gf (25f) wants to post/keep bikini pictures that make me (24m) uncomfortable loading...
reddit,relationships,F(27) M(27) 5+ year relationship crash out loading...
reddit,relationships,Second thoughts loading...
reddit,relationships,How do I (25F) get my sister (29F) to stop using her son and my deceased cat as a weapon to try and convince me to speak to her? loading...
reddit,relationship_advice,Think of the comments as inverted Uber ratings. (click to find out what this means) loading...
reddit,relationship_advice,Fiance (32 M) just threatened me (23 F) with a months long of silent treatment. loading...
reddit,relationship_advice,My [31F] fiance [29M] doesn't want me to cut and dye my hair blue loading...
reddit,relationship_advice,"My girlfriend (29F) keeps making plans for ""us"" without asking me (26M) first and I'm getting frustrated? loading..."
reddit,relationship_advice,I (39m) a frequently left out of holiday mornings by my partner (40f) what am I missing here? loading...
reddit,relationship_advice,"I (28F) texted my bf (29M) about how he can be insensitive sometimes. He apologized, but a few days later, I found out his reply was from ChatGPT. loading..."
reddit,relationship_advice,"I made the perfect 2nd monitor game, it's an MMO that grinds when you're offline! loading..."
reddit,relationship_advice,How will I (24M) ever forgive my girlfriend. (23F) loading...
reddit,relationship_advice,Wife's(F48) weight trippled over time. I (M40) have a hard time staying attracted. loading...
reddit,relationship_advice,I (28F) accidentally ruined a Christmas gift from my husband (30M)...what now? loading...
reddit,relationship_advice,GF (29F) earns roughly the same salary as me (30M) and does not want to share finances with me. Can someone please give me some insights? loading...
reddit,relationship_advice,"Genuinely, how do I 18F stop being so nervous and lose my intelligence around my boyfriend 20M loading..."
reddit,relationship_advice,One of the most embarrassing moments of my life. 2 and half year relationship M24 and F23 loading...
reddit,relationship_advice,My BF M/38 snaps with his ex F/34 in secret loading...
reddit,relationship_advice,Wondering how I (24F) can end fling with guy (28M) after a crude comment loading...
reddit,relationship_advice,"My girfriend(F21) doesnt want to be with me(M20) in bad times, any advices? loading..."
reddit,relationship_advice,"Why does my (43F) boyfriend (43M) use so much weed, and is it concerning? loading..."
reddit,relationship_advice,My friend group (all f/19) of 1.5 years is excluding me and talking in code around me (f/19) loading...
reddit,relationship_advice,"My husband (38M) has been begging me (35F) for a MFM threesome for over a decade, despite me not wanting one at all. loading..."
reddit,relationship_advice,How do I (M19) ask out a girl I like (F19)? loading...
reddit,relationship_advice,"Cyber Week Offer: Get unlimited access to Bloomberg business news, market insights and global context, all for just $1.99/first month. loading..."
reddit,relationship_advice,"Bare minimum or am i asking for too much? F28, M33 loading..."
reddit,relationship_advice,My (29F) girlfriend (27F) feels unsafe around me. I don't know how to help her. loading...
reddit,relationship_advice,Is my (M24) relationship worth saving with my partner? (M23) loading...
reddit,relationship_advice,I (20m) was called boring and dry by my gf(20f) how can i change? loading...
reddit,relationship_advice,Me (M24) and my GF (F20) have a problem loading...
reddit,relationship_advice,My [19F] bf [19M] and I are incompatible. How can I go about breaking things off in a sensitive way? loading...
reddit,relationship_advice,My crush (19M) doesn't know how to flirt. Neither do I (18F). How the heck do I go on a date with him? loading...
reddit,relationship_advice,The #1 most played Idler game on Steam loading...
reddit,relationship_advice,I (M19) think a friend (M19) might be into me but he doesnt initiate text that often. What could this possibly mean? loading...
reddit,relationship_advice,"Update, my (28F) boyfriend (31M) staying with me since June without helping with bills? loading..."
reddit,relationship_advice,"My girlfriend [F29] says I (M31) expect too much, but I just want basic emotional connection. Yes or No? loading..."
reddit,relationship_advice,"( 28M ) ( 24F ) husband and wife , she cheated Can it be redeemed ? loading..."
reddit,relationship_advice,My SO (37M) took screenshots of our (35F) text argument. What the heck? loading...
reddit,relationship_advice,"How can I 30F change my language as my, 31M, bf breaks up with me? Need advice. loading..."
reddit,relationship_advice,(30M) (26F) (4YRS) I feel like it's over but I keep trying to rationalize everything. How do I step away even thought my heart feels like it wants to fix things. loading...
reddit,relationship_advice,"Finally, Your Photos Can Speak for Themselves. loading..."
reddit,relationship_advice,"To Go or Not to Go? [22F, 21M] loading..."
reddit,relationship_advice,I think me and my partner both hate each other (30F and 40m) loading...
reddit,relationship_advice,Any recommendations on how could I (21F) approach problems of libido mismatch with my bf (19M)? loading...
reddit,relationship_advice,"***UPDATE 2*** My mom 39 F has been dating a man 40 M for 3 months and she has announced that she will be moving 22+ hours away from me, but how do I 19 F tell her that I and everyone else thinks he sucks? loading..."
reddit,relationship_advice,I (21M) really really like someone (24M) who likes me back ! Only problem: he is already in a relationship loading...
reddit,relationship_advice,"I 27m, cornered into dating (27m) loading..."
reddit,relationship_advice,Unpaid Overtime? Know Your Rights. 1-800-LAW-1010 loading...
reddit,relationship_advice,My autistic girlfriend 27F and I 27M have been together for 6 years loading...
reddit,relationship_advice,I (28M) made my girlfriend (24F) cry by accident and I feel bad about it loading...
reddit,relationship_advice,I (F30) feel like cutting off my family over having to pick up my mom (F63) from work? loading...
reddit,relationship_advice,I (19F) am jealous of my partner's (19F) friends? loading...
reddit,relationship_advice,I (23F) need Boyfriend (23M) advice please loading...
reddit,relationship_advice,I (24F) dealing with emotional issues and my egoistic bf (25M) is increasing it. how to deal with him? loading...
reddit,relationship_advice,"[19F - 20M] My relationship is great on paper, but I feel disconnected and stuck in a breakup loop. Is it me or the relationship? loading..."
reddit,relationship_advice,I (27M) want to break up with my boyfriend of two years (27M) but we just signed a lease together. How do I go about this? loading...
reddit,relationship_advice,"20 M and 20F, what should we do better to manage couple time and our emotions? loading..."
reddit,relationship_advice,M24 f21 how can I tell if she will ever message me or its just drunk calls? loading...
reddit,relationship_advice,I (26M) want to apologize to how I treated my co-worker (26F) but worried it will make things worse. loading...
reddit,relationship_advice,My (M20) Boyfriend (M24) is barely texting me now and I'm scared. Is mine and his relationship over already? loading...
reddit,relationship_advice,The #1 most played Idler game on Steam loading...
reddit,relationship_advice,"What Is My (28M) Relationship With Him (28M) ? Not Exactly Friends or Lovers, So Why Does It Feels So Intense? And Why Is Thirdwheeling Him and His Girlfriend So Addictive? loading..."
reddit,relationship_advice,"F31 M32 taking a break in a relationship, what are your thoughts? Does it work out for good? loading..."
reddit,relationship_advice,"My (M32) ""FWB"" (26F) wants to go on a holiday with another man just before we start dating each other exclusively. loading..."
reddit,relationship_advice,Is my (25M) girlfriend (22F) seems too close to her brother in law (25M)? loading...
reddit,relationship_advice,Girlfriend (F26) is uncomfortable with me (M27) hanging out with another girl. loading...
reddit,relationship_advice,"What Is My (M28) Relationship With Him (M28)? Not Exactly Friends or Lovers, So Why Does It Feel So Intense? And Why Is Thirdwheeling Him and His Girlfriend So Addictive? loading..."
reddit,relationship_advice,My GF (22F) just told me (22M) that she lost romantic feelings for me and broke up with me. loading...
reddit,relationship_advice,I am building a massive real time strategy game. Would you play something like this? loading...
reddit,relationship_advice,My(22F) roommate(25F) went into psychosis after being asked to do dishes & take out trash. loading...
reddit,relationship_advice,My ex (22M) asked me (21F) to give him another chance loading...
reddit,relationship_advice,I (F18) feel that my bf (M18) is constantly lying to me about his online activity. How do I proceed? loading...
reddit,relationship_advice,"I 32/F don't want to spend holidays with my boyfriends 37/M sister 40/F and brother-in-law 42/M, How do we find a fair compromise? loading..."
reddit,relationship_advice,How do I 30F deal with my boyfriend's 28M overbearing brother M27? loading...
reddit,relationship_advice,My (F 27) relationship with my partner (M 29) is falling apart - and I don't know what to do anymore? loading...
reddit,relationship_advice,How often do you guys think about your first love/first girlfriend? M29 F30 loading...
reddit,relationship_advice,I (25F) recently found out that my boyfriend (20M) downloaded two dating apps the day we found out that I have DID. How do I get myself to trust him again? loading...
reddit,relationship_advice,"My boyfriend (24NB) keeps getting ""mopey"" at me(26NB) with emotional deregulation issues. loading..."
reddit,relationship_advice,I (26M) am confused about how to proceed with my situationship with (32F). How do I proceed? loading...
reddit,relationship_advice,My 33M girlfriend 31F is sharing a bed with a guy friend on a trip away loading...
reddit,relationship_advice,I need advice what to do with my (23f) relationships with (31m) loading...
reddit,relationship_advice,"My basically boyfriend (20/M) and I (18/F) have been talking for months but he will not commit fully and keeps asking to take breaks from talking but I love him, am i insane? loading..."
reddit,relationship_advice,I (28f) would rather get abused by my ex (31m) than be alone - how to cope? loading...
reddit,relationship_advice,M19 F18 on a break can i trust her? loading...
reddit,breakups,Things I learned after a heartbreak loading...
reddit,breakups,What your ex did after the break up that made you realize that you will be better off on the long run? loading...
reddit,breakups,The #1 most played Idler game on Steam loading...
reddit,breakups,Accepting the fact that it meant nothing? loading...
reddit,breakups,Does it get better? loading...
reddit,breakups,The best advice to get over a break up from someone at the end of this:- loading...
reddit,breakups,It gets (way) easier with time loading...
reddit,breakups,What is the worst thing they said to you when the relationship ended? loading...
reddit,breakups,"In the midst of a breakup, loading..."
reddit,breakups,I cannot let go loading...
reddit,breakups,Has it gotten better for anyone? loading...
reddit,breakups,How do I move on from cheating? loading...
reddit,breakups,Why do people leave instead of staying and fighting? loading...
reddit,breakups,I can't accept it. loading...
reddit,breakups,i cant do this anymore loading...
reddit,breakups,What is something they said that still hurts? loading...
reddit,breakups,"Sharing My Experience, It Might Help You loading..."
reddit,breakups,Regret is killing me. loading...
reddit,breakups,I can't imagine ever trusting someone loading...
reddit,breakups,Update - 2 years later (After ending a 14 year relationship/7 year marriage/my first relationship) - The pain stops loading...
reddit,breakups,"""I have zero feelings for you"" loading..."
reddit,breakups,Do Avoidants Come Back If You End Things First?? loading...
reddit,breakups,Fearful avoidant dumped me. loading...
reddit,breakups,"I made the perfect 2nd monitor game, it's an MMO that grinds when you're offline! loading..."
reddit,breakups,Deleting Ex's picture loading...
reddit,breakups,I lost my girlfriend because of my overthinking. Anyone else been through this? loading...
reddit,breakups,Dont be that guy. loading...
reddit,breakups,I am considering breaking up with my girlfriend over her extreme lack of self esteem that is just unbearable. Please help. loading...
reddit,breakups,"Moving on from a cheating, but lovely ex loading..."
reddit,breakups,"2 weeks no contact and she unfollowed me, should I ask her why? loading..."
reddit,breakups,They have the same book? loading...
reddit,breakups,He broke no contact just to ask for sex loading...
reddit,breakups,Not sure if we should break up or get married loading...
reddit,breakups,My dreams are tormenting me loading...
reddit,breakups,I finally had to let go of someone I loved deeply loading...
reddit,breakups,"Cyber Week Offer: Get unlimited access to Bloomberg business news, market insights and global context, all for just $1.99/first month. loading..."
reddit,breakups,Girlfriend Dumped Me Last Night Over Being Sad loading...
reddit,breakups,Is sending a apology letter a good idea? loading...
reddit,breakups,Ex broke up but still randomly text? loading...
reddit,breakups,How long is it gonna be this hard? loading...
reddit,breakups,I refuse to undress for any other man except my ex. Is this normal? loading...
reddit,breakups,"How Do You Guys Get Over the Urge to Contact an Ex? And, Do You Ladies Get Annoyed When an Ex You Left Sends You a Random Message?"
reddit,breakups,Do exes come back and change for the better? loading...
reddit,breakups,Don't text your ex thread? loading...
reddit,breakups,Is this emotional cheating? loading...
reddit,breakups,My ex owes me too much money & I feel guilty asking for it loading...
reddit,breakups,Breakup after 8 years loading...
reddit,breakups,The #1 most played Idler game on Steam loading...
reddit,breakups,We broke up because of God loading...
reddit,breakups,I'm in so much pain... loading...
reddit,breakups,Bit of a niche one loading...
reddit,breakups,How do you handle the fear of meeting someone new and getting emotionally destroyed again? loading...
reddit,breakups,so much pain loading...
reddit,breakups,My boyfriend promised marriage for 2 years - then flipped overnight when he talked to his parents. I walked away. loading...
reddit,breakups,Literally everything reminds me of them loading...
reddit,breakups,"How long has it been since your breakup, and how do you get by?"
reddit,breakups,Any tips to heal from breakup? loading...
reddit,breakups,Need someone to talk to. loading...
reddit,breakups,Does anyone still feel a sense of loyalty? loading...
reddit,breakups,Why can I never be the one? loading...
reddit,breakups,School while heartbroken loading...
reddit,breakups,What do I do? loading...
reddit,breakups,How am I supposed to ever trust anyone or even myself again? loading...
reddit,breakups,Stuck between wanting to move on and not being able to and not wanting to loading...
reddit,breakups,Should I reach out to his new gf to warn her? loading...
reddit,breakups,Do the little wins really help your healing? loading...
reddit,breakups,I have a breakup today with my bf of 1 year I am feeling am I a good gf I want your opinions loading...
reddit,breakups,Struggling as the dumper loading...
reddit,breakups,Breaking up while still in love due to circumstances loading...
reddit,breakups,How to cope with ex partner moving on loading...
reddit,breakups,"Blocked on iMessage, texts delivering to iPad loading..."
reddit,breakups,Exclusive football shirts inspired by your favourite band. Which one will you rep? Shop now and level up your fan gear! loading...
reddit,breakups,Advice for dumper (and a little for the dumpee) loading...
reddit,breakups,Fearful avoidant reappear after 5 months loading...
reddit,breakups,8 year break up (I think) loading...
reddit,breakups,Finally lost her loading...
reddit,breakups,Feeling hopeless loading...
reddit,breakups,"Keep every session fully isolated. Incogniton gives you separate browser profiles with unique fingerprints, cookies and settings. Download the app and try it now. loading..."
reddit,breakups,The loneliness and emptiness is unbearable loading...
reddit,breakups,I'm(25 F) not physically attracted to my bf(27 M) anymore and not sure what to do. loading...
reddit,breakups,My Ex want us to be friends after a break up loading...
reddit,breakups,My teenage relationship & breakup story loading...
reddit,breakups,If only I could see you again loading...
reddit,breakups,Physical connection disappeared? Marie helps couples understand the root causes and restore emotional connection loading...
reddit,breakups,The people you fell in love after the first love loading...
reddit,breakups,"I think I've dated an anxious avoidant, help loading..."
reddit,breakups,I dont know what to do loading...
